"candidate_id","recording_id","element_id","type","expected_value","correct","evidence","review_status"
"deepgram-nova3","voz-a-r01-ogg","loja","loja","13","True","na loja treze a comissão da marca dez para o cargo cem será de dois vírgula cinco por cento","historico_contestado"
"deepgram-nova3","voz-a-r01-ogg","marca","marca","10","True","na loja treze a comissão da marca dez para o cargo cem será de dois vírgula cinco por cento","historico_contestado"
"deepgram-nova3","voz-a-r01-ogg","cargo","cargo","100","True","na loja treze a comissão da marca dez para o cargo cem será de dois vírgula cinco por cento","historico_contestado"
"deepgram-nova3","voz-a-r01-ogg","percentual","percentual","2.5","True","na loja treze a comissão da marca dez para o cargo cem será de dois vírgula cinco por cento","historico_contestado"
"deepgram-nova3","voz-a-r02-ogg","percentual","percentual","0.5 ponto percentual","True","acrescente zero vírgula cinco ponto percentual na comissão da marca trinta mas não aplique esse bônus aos gerentes","historico_contestado"
"deepgram-nova3","voz-a-r02-ogg","marca","marca","30","True","acrescente zero vírgula cinco ponto percentual na comissão da marca trinta mas não aplique esse bônus aos gerentes","historico_contestado"
"deepgram-nova3","voz-a-r02-ogg","exclusao","exclusao","excluir gerentes","True","acrescente zero vírgula cinco ponto percentual na comissão da marca trinta mas não aplique esse bônus aos gerentes","historico_contestado"
"deepgram-nova3","voz-a-r03-ogg","matricula","matricula","MATRIC-900001","False","a matrícula matric nove mil um recebe um bônus fixo de quinhentos reais no comissionamento final","historico_contestado"
"deepgram-nova3","voz-a-r03-ogg","valor","monetario","500.00","True","a matrícula matric nove mil um recebe um bônus fixo de quinhentos reais no comissionamento final","historico_contestado"
"deepgram-nova3","voz-a-r04-ogg","matricula","matricula","MATRIC-900002","False","essa regra vale de primeiro de novembro de dois mil e vinte e cinco até trinta de novembro de dois mil e vinte e cinco só na loja vinte e um","historico_contestado"
"deepgram-nova3","voz-a-r04-ogg","valor","monetario","20000.00","False","essa regra vale de primeiro de novembro de dois mil e vinte e cinco até trinta de novembro de dois mil e vinte e cinco só na loja vinte e um","historico_contestado"
"deepgram-nova3","voz-a-r04-ogg","exclusao","exclusao","não somar à comissão final","False","essa regra vale de primeiro de novembro de dois mil e vinte e cinco até trinta de novembro de dois mil e vinte e cinco só na loja vinte e um","historico_contestado"
"deepgram-nova3","voz-a-r05-ogg","inicio","data","2025-11-01","False","quem foi admitido até dez de outubro de dois mil e vinte e cinco no cargo cem ganha mil reais de bônus no valor final","historico_contestado"
"deepgram-nova3","voz-a-r05-ogg","fim","data","2025-11-30","False","quem foi admitido até dez de outubro de dois mil e vinte e cinco no cargo cem ganha mil reais de bônus no valor final","historico_contestado"
"deepgram-nova3","voz-a-r05-ogg","loja","loja","21","False","quem foi admitido até dez de outubro de dois mil e vinte e cinco no cargo cem ganha mil reais de bônus no valor final","historico_contestado"
"deepgram-nova3","voz-a-r06-ogg","data","data","2025-10-10","False","nas marcas dez e vinte vendas mensais acima de quarenta mil reais e até cinquenta mil reais dão um bônus de três mil e quinhentos reais","historico_contestado"
"deepgram-nova3","voz-a-r06-ogg","cargo","cargo","100","False","nas marcas dez e vinte vendas mensais acima de quarenta mil reais e até cinquenta mil reais dão um bônus de três mil e quinhentos reais","historico_contestado"
"deepgram-nova3","voz-a-r06-ogg","valor","monetario","1000.00","False","nas marcas dez e vinte vendas mensais acima de quarenta mil reais e até cinquenta mil reais dão um bônus de três mil e quinhentos reais","historico_contestado"
"deepgram-nova3","voz-a-r07-ogg","marca1","marca","10","False","para o gerente se a loja vender mais de cento e vinte mil reais e até cento e quarenta mil reais no mês pague cinco mil reais de bônus","historico_contestado"
"deepgram-nova3","voz-a-r07-ogg","marca2","marca","20","False","para o gerente se a loja vender mais de cento e vinte mil reais e até cento e quarenta mil reais no mês pague cinco mil reais de bônus","historico_contestado"
"deepgram-nova3","voz-a-r07-ogg","limite_inferior","monetario",">40000.00","False","para o gerente se a loja vender mais de cento e vinte mil reais e até cento e quarenta mil reais no mês pague cinco mil reais de bônus","historico_contestado"
"deepgram-nova3","voz-a-r07-ogg","limite_superior","monetario","<=50000.00","False","para o gerente se a loja vender mais de cento e vinte mil reais e até cento e quarenta mil reais no mês pague cinco mil reais de bônus","historico_contestado"
"deepgram-nova3","voz-a-r07-ogg","bonus","monetario","3500.00","False","para o gerente se a loja vender mais de cento e vinte mil reais e até cento e quarenta mil reais no mês pague cinco mil reais de bônus","historico_contestado"
"deepgram-nova3","voz-a-r08-ogg","limite_inferior","monetario",">120000.00","False","pague um vírgula setenta e cinco por cento para o cargo duzentos na marca vinte exceto na loja treze","historico_contestado"
"deepgram-nova3","voz-a-r08-ogg","limite_superior","monetario","<=140000.00","False","pague um vírgula setenta e cinco por cento para o cargo duzentos na marca vinte exceto na loja treze","historico_contestado"
"deepgram-nova3","voz-a-r08-ogg","bonus","monetario","5000.00","False","pague um vírgula setenta e cinco por cento para o cargo duzentos na marca vinte exceto na loja treze","historico_contestado"
"deepgram-nova3","voz-a-r10-ogg","loja","loja","07","True","oh na loja zero sete para a marca trinta o cargo cem muda a comissão para zero vírgula vinte e cinco por cento","historico_contestado"
"deepgram-nova3","voz-a-r10-ogg","marca","marca","30","True","oh na loja zero sete para a marca trinta o cargo cem muda a comissão para zero vírgula vinte e cinco por cento","historico_contestado"
"deepgram-nova3","voz-a-r10-ogg","cargo","cargo","100","True","oh na loja zero sete para a marca trinta o cargo cem muda a comissão para zero vírgula vinte e cinco por cento","historico_contestado"
"deepgram-nova3","voz-a-r10-ogg","percentual","percentual","0.25","True","oh na loja zero sete para a marca trinta o cargo cem muda a comissão para zero vírgula vinte e cinco por cento","historico_contestado"
"deepgram-nova3","voz-a-r11-ogg","incluida","matricula","MATRIC-900003","False","a matrícula nove mil - zero três ganha mil duzentos e cinquenta reais e cinquenta centavos mas a matrícula matric nove zero zero zero zero quatro fica de fora","historico_contestado"
"deepgram-nova3","voz-a-r11-ogg","valor","monetario","1250.50","True","a matrícula nove mil - zero três ganha mil duzentos e cinquenta reais e cinquenta centavos mas a matrícula matric nove zero zero zero zero quatro fica de fora","historico_contestado"
"deepgram-nova3","voz-a-r11-ogg","excluida","matricula","MATRIC-900004","True","a matrícula nove mil - zero três ganha mil duzentos e cinquenta reais e cinquenta centavos mas a matrícula matric nove zero zero zero zero quatro fica de fora","historico_contestado"
"deepgram-nova3","voz-a-r11-ogg","exclusao","exclusao","excluir MATRIC-900004","True","a matrícula nove mil - zero três ganha mil duzentos e cinquenta reais e cinquenta centavos mas a matrícula matric nove zero zero zero zero quatro fica de fora","historico_contestado"
"deepgram-nova3","voz-a-r12-ogg","inicio","data","2025-12-23","True","de vinte e três de dezembro de dois mil e vinte e cinco a cinco de janeiro de dois mil e vinte e seis a marca dez na loja vinte e um paga três vírgula zero cinco por cento","historico_contestado"
"deepgram-nova3","voz-a-r12-ogg","fim","data","2026-01-05","True","de vinte e três de dezembro de dois mil e vinte e cinco a cinco de janeiro de dois mil e vinte e seis a marca dez na loja vinte e um paga três vírgula zero cinco por cento","historico_contestado"
"deepgram-nova3","voz-a-r12-ogg","marca","marca","10","True","de vinte e três de dezembro de dois mil e vinte e cinco a cinco de janeiro de dois mil e vinte e seis a marca dez na loja vinte e um paga três vírgula zero cinco por cento","historico_contestado"
"deepgram-nova3","voz-a-r12-ogg","loja","loja","21","True","de vinte e três de dezembro de dois mil e vinte e cinco a cinco de janeiro de dois mil e vinte e seis a marca dez na loja vinte e um paga três vírgula zero cinco por cento","historico_contestado"
"deepgram-nova3","voz-a-r12-ogg","percentual","percentual","3.05","True","de vinte e três de dezembro de dois mil e vinte e cinco a cinco de janeiro de dois mil e vinte e seis a marca dez na loja vinte e um paga três vírgula zero cinco por cento","historico_contestado"
"deepgram-nova3","voz-b-r01-ogg","loja","loja","13","True","na loja treze a comissão da marca dez para o carro cem será de dois vírgula cinco por cento","historico_contestado"
"deepgram-nova3","voz-b-r01-ogg","marca","marca","10","True","na loja treze a comissão da marca dez para o carro cem será de dois vírgula cinco por cento","historico_contestado"
"deepgram-nova3","voz-b-r01-ogg","cargo","cargo","100","False","na loja treze a comissão da marca dez para o carro cem será de dois vírgula cinco por cento","historico_contestado"
"deepgram-nova3","voz-b-r01-ogg","percentual","percentual","2.5","True","na loja treze a comissão da marca dez para o carro cem será de dois vírgula cinco por cento","historico_contestado"
"deepgram-nova3","voz-b-r02-ogg","percentual","percentual","0.5 ponto percentual","True","acrescente zero vírgula cinco ponto percentual na comissão da marca trinta mas não aplique esse bônus ao gerente","historico_contestado"
"deepgram-nova3","voz-b-r02-ogg","marca","marca","30","True","acrescente zero vírgula cinco ponto percentual na comissão da marca trinta mas não aplique esse bônus ao gerente","historico_contestado"
"deepgram-nova3","voz-b-r02-ogg","exclusao","exclusao","excluir gerentes","True","acrescente zero vírgula cinco ponto percentual na comissão da marca trinta mas não aplique esse bônus ao gerente","historico_contestado"
"deepgram-nova3","voz-b-r03-ogg","matricula","matricula","MATRIC-900001","False","a matrícula matric nove zero zero zero um recebeu um bônus fixo de quinhentos reais no comissionamento final","historico_contestado"
"deepgram-nova3","voz-b-r03-ogg","valor","monetario","500.00","True","a matrícula matric nove zero zero zero um recebeu um bônus fixo de quinhentos reais no comissionamento final","historico_contestado"
"deepgram-nova3","voz-b-r04-ogg","matricula","matricula","MATRIC-900002","False","para a matrícula a matrícula nove zero zero zero dois representa vinte mil reais à base de vendas sem somar esse valor à comissão final","historico_contestado"
"deepgram-nova3","voz-b-r04-ogg","valor","monetario","20000.00","False","para a matrícula a matrícula nove zero zero zero dois representa vinte mil reais à base de vendas sem somar esse valor à comissão final","historico_contestado"
"deepgram-nova3","voz-b-r04-ogg","exclusao","exclusao","não somar à comissão final","True","para a matrícula a matrícula nove zero zero zero dois representa vinte mil reais à base de vendas sem somar esse valor à comissão final","historico_contestado"
"deepgram-nova3","voz-b-r05-ogg","inicio","data","2025-11-01","True","essa regra vale de primeiro de novembro de dois mil e vinte e cinco até trinta de novembro de dois mil e vinte e cinco só na loja vinte e um","historico_contestado"
"deepgram-nova3","voz-b-r05-ogg","fim","data","2025-11-30","True","essa regra vale de primeiro de novembro de dois mil e vinte e cinco até trinta de novembro de dois mil e vinte e cinco só na loja vinte e um","historico_contestado"
"deepgram-nova3","voz-b-r05-ogg","loja","loja","21","True","essa regra vale de primeiro de novembro de dois mil e vinte e cinco até trinta de novembro de dois mil e vinte e cinco só na loja vinte e um","historico_contestado"
"deepgram-nova3","voz-b-r06-ogg","data","data","2025-10-10","True","quem foi admitido até dez de outubro de dois mil e vinte e cinco o carro de cem ganha mil reais de bônus no valor final","historico_contestado"
"deepgram-nova3","voz-b-r06-ogg","cargo","cargo","100","False","quem foi admitido até dez de outubro de dois mil e vinte e cinco o carro de cem ganha mil reais de bônus no valor final","historico_contestado"
"deepgram-nova3","voz-b-r06-ogg","valor","monetario","1000.00","True","quem foi admitido até dez de outubro de dois mil e vinte e cinco o carro de cem ganha mil reais de bônus no valor final","historico_contestado"
"deepgram-nova3","voz-b-r07-ogg","marca1","marca","10","True","nas marcas dez e vinte vendas mensais acima de quarenta mil reais e até cinquenta mil reais dão um bônus de três mil e quinhentos reais","historico_contestado"
"deepgram-nova3","voz-b-r07-ogg","marca2","marca","20","True","nas marcas dez e vinte vendas mensais acima de quarenta mil reais e até cinquenta mil reais dão um bônus de três mil e quinhentos reais","historico_contestado"
"deepgram-nova3","voz-b-r07-ogg","limite_inferior","monetario",">40000.00","True","nas marcas dez e vinte vendas mensais acima de quarenta mil reais e até cinquenta mil reais dão um bônus de três mil e quinhentos reais","historico_contestado"
"deepgram-nova3","voz-b-r07-ogg","limite_superior","monetario","<=50000.00","True","nas marcas dez e vinte vendas mensais acima de quarenta mil reais e até cinquenta mil reais dão um bônus de três mil e quinhentos reais","historico_contestado"
"deepgram-nova3","voz-b-r07-ogg","bonus","monetario","3500.00","True","nas marcas dez e vinte vendas mensais acima de quarenta mil reais e até cinquenta mil reais dão um bônus de três mil e quinhentos reais","historico_contestado"
"deepgram-nova3","voz-b-r08-ogg","limite_inferior","monetario",">120000.00","True","para os gerentes se a loja vender mais de cento e vinte mil reais e até cento e quarenta mil reais no mês pague cinco mil reais o bônus","historico_contestado"
"deepgram-nova3","voz-b-r08-ogg","limite_superior","monetario","<=140000.00","True","para os gerentes se a loja vender mais de cento e vinte mil reais e até cento e quarenta mil reais no mês pague cinco mil reais o bônus","historico_contestado"
"deepgram-nova3","voz-b-r08-ogg","bonus","monetario","5000.00","True","para os gerentes se a loja vender mais de cento e vinte mil reais e até cento e quarenta mil reais no mês pague cinco mil reais o bônus","historico_contestado"
"deepgram-nova3","voz-b-r10-ogg","loja","loja","07","True","oh na loja zero sete para a marca trinta e o cargo cem muda a comissão para zero vírgula vinte e cinco por cento","historico_contestado"
"deepgram-nova3","voz-b-r10-ogg","marca","marca","30","True","oh na loja zero sete para a marca trinta e o cargo cem muda a comissão para zero vírgula vinte e cinco por cento","historico_contestado"
"deepgram-nova3","voz-b-r10-ogg","cargo","cargo","100","True","oh na loja zero sete para a marca trinta e o cargo cem muda a comissão para zero vírgula vinte e cinco por cento","historico_contestado"
"deepgram-nova3","voz-b-r10-ogg","percentual","percentual","0.25","True","oh na loja zero sete para a marca trinta e o cargo cem muda a comissão para zero vírgula vinte e cinco por cento","historico_contestado"
"deepgram-nova3","voz-b-r11-ogg","incluida","matricula","MATRIC-900003","False","a matrícula nove zero zero zero zero três ganha mil duzentos e cinquenta reais e cinquenta centavos mas a matrícula matric nove zero zero zero zero quatro fica de fora","historico_contestado"
"deepgram-nova3","voz-b-r11-ogg","valor","monetario","1250.50","True","a matrícula nove zero zero zero zero três ganha mil duzentos e cinquenta reais e cinquenta centavos mas a matrícula matric nove zero zero zero zero quatro fica de fora","historico_contestado"
"deepgram-nova3","voz-b-r11-ogg","excluida","matricula","MATRIC-900004","True","a matrícula nove zero zero zero zero três ganha mil duzentos e cinquenta reais e cinquenta centavos mas a matrícula matric nove zero zero zero zero quatro fica de fora","historico_contestado"
"deepgram-nova3","voz-b-r11-ogg","exclusao","exclusao","excluir MATRIC-900004","True","a matrícula nove zero zero zero zero três ganha mil duzentos e cinquenta reais e cinquenta centavos mas a matrícula matric nove zero zero zero zero quatro fica de fora","historico_contestado"
"deepgram-nova3","voz-b-r12-ogg","inicio","data","2025-12-23","True","de vinte e três de dezembro de dois mil e vinte e cinco a cinco de janeiro de dois mil e vinte e seis a marca dez na loja vinte e um paga três vírgula zero cinco por cento","historico_contestado"
"deepgram-nova3","voz-b-r12-ogg","fim","data","2026-01-05","True","de vinte e três de dezembro de dois mil e vinte e cinco a cinco de janeiro de dois mil e vinte e seis a marca dez na loja vinte e um paga três vírgula zero cinco por cento","historico_contestado"
"deepgram-nova3","voz-b-r12-ogg","marca","marca","10","True","de vinte e três de dezembro de dois mil e vinte e cinco a cinco de janeiro de dois mil e vinte e seis a marca dez na loja vinte e um paga três vírgula zero cinco por cento","historico_contestado"
"deepgram-nova3","voz-b-r12-ogg","loja","loja","21","True","de vinte e três de dezembro de dois mil e vinte e cinco a cinco de janeiro de dois mil e vinte e seis a marca dez na loja vinte e um paga três vírgula zero cinco por cento","historico_contestado"
"deepgram-nova3","voz-b-r12-ogg","percentual","percentual","3.05","True","de vinte e três de dezembro de dois mil e vinte e cinco a cinco de janeiro de dois mil e vinte e seis a marca dez na loja vinte e um paga três vírgula zero cinco por cento","historico_contestado"
"groq-whisper-large-v3","voz-a-r01-ogg","loja","loja","13","True"," Na loja 13, a conexão da marca 10 para o cargo 100 será de 2,5%.","historico_contestado"
"groq-whisper-large-v3","voz-a-r01-ogg","marca","marca","10","True"," Na loja 13, a conexão da marca 10 para o cargo 100 será de 2,5%.","historico_contestado"
"groq-whisper-large-v3","voz-a-r01-ogg","cargo","cargo","100","True"," Na loja 13, a conexão da marca 10 para o cargo 100 será de 2,5%.","historico_contestado"
"groq-whisper-large-v3","voz-a-r01-ogg","percentual","percentual","2.5","False"," Na loja 13, a conexão da marca 10 para o cargo 100 será de 2,5%.","historico_contestado"
"groq-whisper-large-v3","voz-a-r02-ogg","percentual","percentual","0.5 ponto percentual","True"," Acrescente 0,5 ponto percentual na comissão da marca 30, mas não aplique esse bônus aos gerentes.","historico_contestado"
"groq-whisper-large-v3","voz-a-r02-ogg","marca","marca","30","True"," Acrescente 0,5 ponto percentual na comissão da marca 30, mas não aplique esse bônus aos gerentes.","historico_contestado"
"groq-whisper-large-v3","voz-a-r02-ogg","exclusao","exclusao","excluir gerentes","True"," Acrescente 0,5 ponto percentual na comissão da marca 30, mas não aplique esse bônus aos gerentes.","historico_contestado"
"groq-whisper-large-v3","voz-a-r03-ogg","matricula","matricula","MATRIC-900001","True","A matrícula Matric 900001 recebe um bônus fixo de 500 reais no comissionamento final.","historico_contestado"
"groq-whisper-large-v3","voz-a-r03-ogg","valor","monetario","500.00","True","A matrícula Matric 900001 recebe um bônus fixo de 500 reais no comissionamento final.","historico_contestado"
"groq-whisper-large-v3","voz-a-r04-ogg","matricula","matricula","MATRIC-900002","False"," Essa regra vale de 1º de novembro de 2025 até 30 de novembro de 2025, só na loja 21.","historico_contestado"
"groq-whisper-large-v3","voz-a-r04-ogg","valor","monetario","20000.00","False"," Essa regra vale de 1º de novembro de 2025 até 30 de novembro de 2025, só na loja 21.","historico_contestado"
"groq-whisper-large-v3","voz-a-r04-ogg","exclusao","exclusao","não somar à comissão final","False"," Essa regra vale de 1º de novembro de 2025 até 30 de novembro de 2025, só na loja 21.","historico_contestado"
"groq-whisper-large-v3","voz-a-r05-ogg","inicio","data","2025-11-01","False"," Quem foi admitido até 10 de outubro de 2025 no cargo 100 ganha R$ 1.000,00 de bônus no valor final.","historico_contestado"
"groq-whisper-large-v3","voz-a-r05-ogg","fim","data","2025-11-30","False"," Quem foi admitido até 10 de outubro de 2025 no cargo 100 ganha R$ 1.000,00 de bônus no valor final.","historico_contestado"
"groq-whisper-large-v3","voz-a-r05-ogg","loja","loja","21","False"," Quem foi admitido até 10 de outubro de 2025 no cargo 100 ganha R$ 1.000,00 de bônus no valor final.","historico_contestado"
"groq-whisper-large-v3","voz-a-r06-ogg","data","data","2025-10-10","False"," Nas marcas 10 e 20, vendas mensais acima de R$ 40 mil e até R$ 50 mil dão um bônus de R$ 3.500.","historico_contestado"
"groq-whisper-large-v3","voz-a-r06-ogg","cargo","cargo","100","False"," Nas marcas 10 e 20, vendas mensais acima de R$ 40 mil e até R$ 50 mil dão um bônus de R$ 3.500.","historico_contestado"
"groq-whisper-large-v3","voz-a-r06-ogg","valor","monetario","1000.00","False"," Nas marcas 10 e 20, vendas mensais acima de R$ 40 mil e até R$ 50 mil dão um bônus de R$ 3.500.","historico_contestado"
"groq-whisper-large-v3","voz-a-r07-ogg","marca1","marca","10","False"," Para o gerente, se a loja vender mais de R$ 120 mil e até R$ 140 mil no mês, pague R$ 5 mil de bônus.","historico_contestado"
"groq-whisper-large-v3","voz-a-r07-ogg","marca2","marca","20","False"," Para o gerente, se a loja vender mais de R$ 120 mil e até R$ 140 mil no mês, pague R$ 5 mil de bônus.","historico_contestado"
"groq-whisper-large-v3","voz-a-r07-ogg","limite_inferior","monetario",">40000.00","False"," Para o gerente, se a loja vender mais de R$ 120 mil e até R$ 140 mil no mês, pague R$ 5 mil de bônus.","historico_contestado"
"groq-whisper-large-v3","voz-a-r07-ogg","limite_superior","monetario","<=50000.00","False"," Para o gerente, se a loja vender mais de R$ 120 mil e até R$ 140 mil no mês, pague R$ 5 mil de bônus.","historico_contestado"
"groq-whisper-large-v3","voz-a-r07-ogg","bonus","monetario","3500.00","False"," Para o gerente, se a loja vender mais de R$ 120 mil e até R$ 140 mil no mês, pague R$ 5 mil de bônus.","historico_contestado"
"groq-whisper-large-v3","voz-a-r08-ogg","limite_inferior","monetario",">120000.00","False"," Pague 1,75% para o cargo 200 na marca VINC, exceto na loja 13.","historico_contestado"
"groq-whisper-large-v3","voz-a-r08-ogg","limite_superior","monetario","<=140000.00","False"," Pague 1,75% para o cargo 200 na marca VINC, exceto na loja 13.","historico_contestado"
"groq-whisper-large-v3","voz-a-r08-ogg","bonus","monetario","5000.00","False"," Pague 1,75% para o cargo 200 na marca VINC, exceto na loja 13.","historico_contestado"
"groq-whisper-large-v3","voz-a-r10-ogg","loja","loja","07","True"," Ó, na loja 07, para a marca 30, o cargo 100 muda a comissão para 0,25%.","historico_contestado"
"groq-whisper-large-v3","voz-a-r10-ogg","marca","marca","30","True"," Ó, na loja 07, para a marca 30, o cargo 100 muda a comissão para 0,25%.","historico_contestado"
"groq-whisper-large-v3","voz-a-r10-ogg","cargo","cargo","100","True"," Ó, na loja 07, para a marca 30, o cargo 100 muda a comissão para 0,25%.","historico_contestado"
"groq-whisper-large-v3","voz-a-r10-ogg","percentual","percentual","0.25","True"," Ó, na loja 07, para a marca 30, o cargo 100 muda a comissão para 0,25%.","historico_contestado"
"groq-whisper-large-v3","voz-a-r11-ogg","incluida","matricula","MATRIC-900003","False"," A matrícula Matric 90003 ganha R$ 1.250,50, mas a matrícula Matric 90004 fica de fora.","historico_contestado"
"groq-whisper-large-v3","voz-a-r11-ogg","valor","monetario","1250.50","True"," A matrícula Matric 90003 ganha R$ 1.250,50, mas a matrícula Matric 90004 fica de fora.","historico_contestado"
"groq-whisper-large-v3","voz-a-r11-ogg","excluida","matricula","MATRIC-900004","False"," A matrícula Matric 90003 ganha R$ 1.250,50, mas a matrícula Matric 90004 fica de fora.","historico_contestado"
"groq-whisper-large-v3","voz-a-r11-ogg","exclusao","exclusao","excluir MATRIC-900004","False"," A matrícula Matric 90003 ganha R$ 1.250,50, mas a matrícula Matric 90004 fica de fora.","historico_contestado"
"groq-whisper-large-v3","voz-a-r12-ogg","inicio","data","2025-12-23","True"," De 23 de dezembro de 2025 a 5 de janeiro de 2026, a marca 10 na loja 21 paga 3,05%.","historico_contestado"
"groq-whisper-large-v3","voz-a-r12-ogg","fim","data","2026-01-05","True"," De 23 de dezembro de 2025 a 5 de janeiro de 2026, a marca 10 na loja 21 paga 3,05%.","historico_contestado"
"groq-whisper-large-v3","voz-a-r12-ogg","marca","marca","10","True"," De 23 de dezembro de 2025 a 5 de janeiro de 2026, a marca 10 na loja 21 paga 3,05%.","historico_contestado"
"groq-whisper-large-v3","voz-a-r12-ogg","loja","loja","21","True"," De 23 de dezembro de 2025 a 5 de janeiro de 2026, a marca 10 na loja 21 paga 3,05%.","historico_contestado"
"groq-whisper-large-v3","voz-a-r12-ogg","percentual","percentual","3.05","True"," De 23 de dezembro de 2025 a 5 de janeiro de 2026, a marca 10 na loja 21 paga 3,05%.","historico_contestado"
"groq-whisper-large-v3","voz-b-r01-ogg","loja","loja","13","True"," Na loja 13, a comissão da marca 10 para o cargo 100 será de 2,5%.","historico_contestado"
"groq-whisper-large-v3","voz-b-r01-ogg","marca","marca","10","True"," Na loja 13, a comissão da marca 10 para o cargo 100 será de 2,5%.","historico_contestado"
"groq-whisper-large-v3","voz-b-r01-ogg","cargo","cargo","100","True"," Na loja 13, a comissão da marca 10 para o cargo 100 será de 2,5%.","historico_contestado"
"groq-whisper-large-v3","voz-b-r01-ogg","percentual","percentual","2.5","True"," Na loja 13, a comissão da marca 10 para o cargo 100 será de 2,5%.","historico_contestado"
"groq-whisper-large-v3","voz-b-r02-ogg","percentual","percentual","0.5 ponto percentual","True"," Acrescente 0,5 ponto percentual na comissão da marca Trita. Mas não aplique esse bônus ao gerente.","historico_contestado"
"groq-whisper-large-v3","voz-b-r02-ogg","marca","marca","30","False"," Acrescente 0,5 ponto percentual na comissão da marca Trita. Mas não aplique esse bônus ao gerente.","historico_contestado"
"groq-whisper-large-v3","voz-b-r02-ogg","exclusao","exclusao","excluir gerentes","True"," Acrescente 0,5 ponto percentual na comissão da marca Trita. Mas não aplique esse bônus ao gerente.","historico_contestado"
"groq-whisper-large-v3","voz-b-r03-ogg","matricula","matricula","MATRIC-900001","True","A matrícula matric 900001 recebe um bônus fixo de 500 reais em comissionamento final.","historico_contestado"
"groq-whisper-large-v3","voz-b-r03-ogg","valor","monetario","500.00","True","A matrícula matric 900001 recebe um bônus fixo de 500 reais em comissionamento final.","historico_contestado"
"groq-whisper-large-v3","voz-b-r04-ogg","matricula","matricula","MATRIC-900002","False"," Para a matrícula matrícula 900002, eu presentei 20 mil reais à base de vendas, sem somar esse valor à comissão final.","historico_contestado"
"groq-whisper-large-v3","voz-b-r04-ogg","valor","monetario","20000.00","False"," Para a matrícula matrícula 900002, eu presentei 20 mil reais à base de vendas, sem somar esse valor à comissão final.","historico_contestado"
"groq-whisper-large-v3","voz-b-r04-ogg","exclusao","exclusao","não somar à comissão final","True"," Para a matrícula matrícula 900002, eu presentei 20 mil reais à base de vendas, sem somar esse valor à comissão final.","historico_contestado"
"groq-whisper-large-v3","voz-b-r05-ogg","inicio","data","2025-11-01","True","Essa regra vale de 1º de novembro de 2025 até 30 de novembro de 2025. Só na loja 21.","historico_contestado"
"groq-whisper-large-v3","voz-b-r05-ogg","fim","data","2025-11-30","True","Essa regra vale de 1º de novembro de 2025 até 30 de novembro de 2025. Só na loja 21.","historico_contestado"
"groq-whisper-large-v3","voz-b-r05-ogg","loja","loja","21","True","Essa regra vale de 1º de novembro de 2025 até 30 de novembro de 2025. Só na loja 21.","historico_contestado"
"groq-whisper-large-v3","voz-b-r06-ogg","data","data","2025-10-10","False"," Quem for admitido até 10 de outubro de 2025, do cargo 100, ganha R$ 1.000,00 de bônus de valor final.","historico_contestado"
"groq-whisper-large-v3","voz-b-r06-ogg","cargo","cargo","100","True"," Quem for admitido até 10 de outubro de 2025, do cargo 100, ganha R$ 1.000,00 de bônus de valor final.","historico_contestado"
"groq-whisper-large-v3","voz-b-r06-ogg","valor","monetario","1000.00","True"," Quem for admitido até 10 de outubro de 2025, do cargo 100, ganha R$ 1.000,00 de bônus de valor final.","historico_contestado"
"groq-whisper-large-v3","voz-b-r07-ogg","marca1","marca","10","True"," Nas marcas 10 e 20, vendas mensais acima de 40 mil reais e até 50 mil reais dão um bônus de 3.500 reais.","historico_contestado"
"groq-whisper-large-v3","voz-b-r07-ogg","marca2","marca","20","True"," Nas marcas 10 e 20, vendas mensais acima de 40 mil reais e até 50 mil reais dão um bônus de 3.500 reais.","historico_contestado"
"groq-whisper-large-v3","voz-b-r07-ogg","limite_inferior","monetario",">40000.00","True"," Nas marcas 10 e 20, vendas mensais acima de 40 mil reais e até 50 mil reais dão um bônus de 3.500 reais.","historico_contestado"
"groq-whisper-large-v3","voz-b-r07-ogg","limite_superior","monetario","<=50000.00","True"," Nas marcas 10 e 20, vendas mensais acima de 40 mil reais e até 50 mil reais dão um bônus de 3.500 reais.","historico_contestado"
"groq-whisper-large-v3","voz-b-r07-ogg","bonus","monetario","3500.00","True"," Nas marcas 10 e 20, vendas mensais acima de 40 mil reais e até 50 mil reais dão um bônus de 3.500 reais.","historico_contestado"
"groq-whisper-large-v3","voz-b-r08-ogg","limite_inferior","monetario",">120000.00","True"," Para o gerente, se a loja vender mais de 120 mil reais e até 140 mil reais no mês, pague 5 mil reais de bônus.","historico_contestado"
"groq-whisper-large-v3","voz-b-r08-ogg","limite_superior","monetario","<=140000.00","True"," Para o gerente, se a loja vender mais de 120 mil reais e até 140 mil reais no mês, pague 5 mil reais de bônus.","historico_contestado"
"groq-whisper-large-v3","voz-b-r08-ogg","bonus","monetario","5000.00","True"," Para o gerente, se a loja vender mais de 120 mil reais e até 140 mil reais no mês, pague 5 mil reais de bônus.","historico_contestado"
"groq-whisper-large-v3","voz-b-r10-ogg","loja","loja","07","True"," Ó, na loja 07, para a marca 30 e o cargo 100, muda a comissão para 0,25%.","historico_contestado"
"groq-whisper-large-v3","voz-b-r10-ogg","marca","marca","30","True"," Ó, na loja 07, para a marca 30 e o cargo 100, muda a comissão para 0,25%.","historico_contestado"
"groq-whisper-large-v3","voz-b-r10-ogg","cargo","cargo","100","True"," Ó, na loja 07, para a marca 30 e o cargo 100, muda a comissão para 0,25%.","historico_contestado"
"groq-whisper-large-v3","voz-b-r10-ogg","percentual","percentual","0.25","True"," Ó, na loja 07, para a marca 30 e o cargo 100, muda a comissão para 0,25%.","historico_contestado"
"groq-whisper-large-v3","voz-b-r11-ogg","incluida","matricula","MATRIC-900003","False"," A matrícula matrique 900003 ganha R$ 1.250,50, mas a matrícula matrique 900004 fica de fora.","historico_contestado"
"groq-whisper-large-v3","voz-b-r11-ogg","valor","monetario","1250.50","True"," A matrícula matrique 900003 ganha R$ 1.250,50, mas a matrícula matrique 900004 fica de fora.","historico_contestado"
"groq-whisper-large-v3","voz-b-r11-ogg","excluida","matricula","MATRIC-900004","False"," A matrícula matrique 900003 ganha R$ 1.250,50, mas a matrícula matrique 900004 fica de fora.","historico_contestado"
"groq-whisper-large-v3","voz-b-r11-ogg","exclusao","exclusao","excluir MATRIC-900004","False"," A matrícula matrique 900003 ganha R$ 1.250,50, mas a matrícula matrique 900004 fica de fora.","historico_contestado"
"groq-whisper-large-v3","voz-b-r12-ogg","inicio","data","2025-12-23","True"," De 23 de dezembro de 2025 a 5 de janeiro de 2026, a marca 10 na loja 21 paga 3,05%.","historico_contestado"
"groq-whisper-large-v3","voz-b-r12-ogg","fim","data","2026-01-05","True"," De 23 de dezembro de 2025 a 5 de janeiro de 2026, a marca 10 na loja 21 paga 3,05%.","historico_contestado"
"groq-whisper-large-v3","voz-b-r12-ogg","marca","marca","10","True"," De 23 de dezembro de 2025 a 5 de janeiro de 2026, a marca 10 na loja 21 paga 3,05%.","historico_contestado"
"groq-whisper-large-v3","voz-b-r12-ogg","loja","loja","21","True"," De 23 de dezembro de 2025 a 5 de janeiro de 2026, a marca 10 na loja 21 paga 3,05%.","historico_contestado"
"groq-whisper-large-v3","voz-b-r12-ogg","percentual","percentual","3.05","True"," De 23 de dezembro de 2025 a 5 de janeiro de 2026, a marca 10 na loja 21 paga 3,05%.","historico_contestado"
